Myth Number,Myth Data,Reality Header, Reality Data
Myth 1,Cults are Always Easy to Identify. ğŸ§©,Reality,Cults can be deceptive and may not fit the stereotypical image. They often appear as tightly-knit groups that promote specific beliefs and isolate members, but they can also be larger organizations or online communities.
Myth 2,Only Vulnerable People Join Cults. ğŸ§©,Reality,Cults attract a wide range of individuals, including those who are educated, successful, and emotionally stable. Vulnerability can be a factor, but it's not the sole reason people join.
Myth 3,Leaving a Cult is Simple. ğŸ§©,Reality,Leaving a cult can be incredibly difficult due to emotional manipulation, coercion, and fear tactics. Survivors often face emotional and psychological challenges during and after leaving.
Myth 4,All Cults are Religious. ğŸ§©,Reality,While some cults have religious elements, many are secular or have alternative belief systems. Cults can form around political ideologies, self-help gurus, or even financial schemes.
Myth 5,Only "Brainwashed" People Stay in Cults. ğŸ§©,Reality,Many cult members stay not because they're brainwashed, but because they genuinely believe in the group's mission. Leaving can mean severing ties with friends and a significant portion of one's identity.
Myth 6,Cult Leaders are Always Charismatic. ğŸ§©,Reality,While some cult leaders are charismatic, others use fear, coercion, or manipulation to maintain control. Charisma is not the only tactic employed.
Myth 7,Cults are Isolated from Society. ğŸ§©,Reality,Cults often operate within society, with members holding jobs and interacting with non-members. They may use secrecy and deception to hide their activities.
Myth 8,Once Out, You're Free from Cult Influence. ğŸ§©,Reality,Leaving a cult is just the beginning. Cult survivors may experience lingering effects, including trauma, anxiety, and difficulty trusting others. Recovery can be a long and complex process.
By debunking these myths, we gain a more accurate understanding of the complex nature of cults and the challenges faced by survivors. It's essential to approach the topic with empathy and awareness. #CultDeprogramming ğŸ§ğŸ•µï¸
