No.,Topic,Subheading,TikTok Title,TikTok Description,YouTube Video Title,YouTube Video Description,Facebook Post Title,Facebook Post Body
51,Unmasking Manipulative Recruitment,Breaking the Chains of Coercion,Exposing manipulation in recruitment tactics ğŸ•µï¸â€â™‚ï¸,Learn how cults recruit by manipulation and strategies to protect yourself from coercive tactics. #ManipulativeRecruitment #CultAwareness ğŸ•µï¸â€â™‚ï¸,Unmasking Manipulative Recruitment: Stay Aware ğŸ•µï¸â€â™‚ï¸,Expose the tactics used by cults to recruit and equip yourself with awareness against coercion. #CultDeprogramming #MindEmpowerment ğŸ•µï¸â€â™‚ï¸ğŸ›¡ï¸,Breaking Coercive Chains,Dive into the tactics of manipulative recruitment and empower yourself to break free from coercion. #CultDeprogramming #StayInformed ğŸ•µï¸â€â™‚ï¸ğŸ›¡ï¸
52,Navigating Digital Influence,Strengthening Mind Resilience,Shielding your mind from digital manipulation ğŸ§ ğŸ›¡ï¸,"Learn to recognize and resist digital manipulation tactics, safeguarding your mental autonomy. #DigitalInfluence #MindResilience ğŸ§ ğŸ›¡ï¸",Navigating Digital Influence: Protect Your Mind ğŸ§ ğŸ›¡ï¸,"Develop the skill to navigate digital influence, strengthening your mind against manipulation. #CultAwareness #StayEmpowered ğŸ§ ğŸ›¡ï¸ğŸŒŸ",Empowering Against Digital Manipulation,"Navigate the world of digital influence, building a resilient mind fortified against manipulation. #CultDeprogramming #MindProtection ğŸ§ ğŸ›¡ï¸ğŸŒŸ"
53,Questioning Authority,Cultivating Skepticism and Inquiry,Embracing the power of critical inquiry ğŸ¤”ğŸ”,Discover how questioning authority and critical inquiry protect your mind from manipulation. #QuestionAuthority #CultAwareness ğŸ¤”ğŸ”,Embracing Questioning: Cultivate Skepticism ğŸ¤”ğŸ”,"Cultivate the skill of questioning authority, fostering skepticism as a shield against manipulation. #CultDeprogramming #StayCurious ğŸ¤”ğŸ”ğŸ›¡ï¸",Unveiling the Power of Questioning,"Embrace the power of questioning authority, fostering critical inquiry and guarding your mind against manipulation. #CultDeprogramming ğŸ¤”ğŸ”ğŸ›¡ï¸"
54,Emotional Healing After Manipulation,Nurturing Resilience and Recovery,Rediscovering emotional well-being after manipulation ğŸŒ±,Explore the journey of emotional healing and resilience after breaking free from manipulation. #EmotionalHealing #CultDeprogramming ğŸŒ±,Emotional Healing: Reclaiming Inner Strength ğŸŒ±,"Embark on a journey of emotional healing and resilience after manipulation, reclaiming inner strength. #CultAwareness #MindRenewal ğŸŒ±ğŸŒŸ",Cultivating Resilience After Manipulation,"Cultivate emotional resilience after manipulation, nurturing a journey of healing and strength. #CultDeprogramming #MindEmpowerment ğŸŒ±ğŸŒŸ"
55,Mindfulness Against Manipulation,Strengthening Mental Awareness,Navigating the present moment against manipulation ğŸ§˜â€â™€ï¸,Learn how mindfulness protects your mind from manipulation and empowers you in the present moment. #Mindfulness #CultAwareness ğŸ§˜â€â™€ï¸,Mindfulness Empowerment: Navigate the Now ğŸ§˜â€â™€ï¸,Discover the transformative power of mindfulness in shielding your mind against manipulation. #CultDeprogramming #MindEmpowerment ğŸ§˜â€â™€ï¸ğŸŒŸ,Mindfulness Against Manipulation,"Utilize mindfulness to navigate the present moment, fostering a shield against manipulation's sway. #CultDeprogramming #MindProtection ğŸ§˜â€â™€ï¸ğŸŒŸ"
56,Healing Through Creative Expression,Empowering Voices After Manipulation,Harnessing creativity for post-manipulation healing ğŸ¨,Explore the therapeutic power of creative expression in reclaiming your voice and healing after manipulation. #Creativity #CultDeprogramming ğŸ¨,Creative Expression: Reclaiming Voices ğŸ¨,"Embrace the healing potential of creative expression, finding your voice and strength after manipulation. #CultAwareness #MindRenewal ğŸ¨ğŸŒ±",Cultivating Creative Healing,"Harness the healing power of creative expression, nurturing voices and renewal after manipulation. #CultDeprogramming #MindRenewal ğŸ¨ğŸŒ±"
57,Recognizing Manipulative Language,Empowering Effective Communication,Unmasking manipulation in everyday language ğŸ—£ï¸,Learn to identify manipulative language and cultivate effective communication to guard against manipulation. #Communication #CultAwareness ğŸ—£ï¸,Empowering Communication: Speak with Purpose ğŸ—£ï¸,"Discover the power of effective communication in countering manipulation, fostering clarity and empowerment. #CultDeprogramming #MindEmpowerment ğŸ—£ï¸ğŸŒŸ",Unveiling Manipulative Language,"Unveil manipulative language and embrace effective communication, guarding against manipulation's tactics. #CultDeprogramming #MindEmpowerment ğŸ—£ï¸ğŸŒŸ"
58,Reclaiming Identity After Manipulation,Nurturing Self-Discovery and Growth,Rediscovering your true self post-manipulation ğŸŒŸ,Explore the journey of reclaiming your identity and embracing personal growth after manipulation. #SelfDiscovery #CultDeprogramming ğŸŒŸ,Reclaiming Identity: Embrace Your True Self ğŸŒŸ,Embrace your true self and embark on a journey of identity rediscovery and growth after manipulation. #CultAwareness #MindGrowth ğŸŒŸ,Rediscovering Identity After Manipulation,"Reclaim your identity after manipulation's influence, nurturing growth and embracing your authentic self. #CultDeprogramming #MindGrowth ğŸŒŸğŸŒ±"
59,Recognizing Cognitive Dissonance,Empowering Minds Against Confusion,Unveiling the battle of conflicting thoughts ğŸ¤¯,Learn how cognitive dissonance is used in manipulation and strategies to empower your mind against confusion. #CognitiveDissonance #CultAwareness ğŸ¤¯,Overcoming Cognitive Dissonance: Navigate Confusion ğŸ¤¯,Unmask the impact of cognitive dissonance and equip your mind with clarity against manipulation's confusion. #CultDeprogramming #MindEmpowerment ğŸ¤¯ğŸ›¡ï¸,Breaking Chains of Cognitive Dissonance,"Break free from cognitive dissonance's grip, empowering your mind against confusion and manipulation. #CultDeprogramming #MindFreedom ğŸ¤¯ğŸ›¡ï¸"
60,Healing Trauma After Manipulation,Nurturing Emotional Recovery,Navigating the path of trauma healing ğŸŒ±,"Explore strategies for healing emotional wounds after manipulation, reclaiming well-being and strength. #TraumaHealing #CultDeprogramming ğŸŒ±",Trauma Recovery: Embrace Healing ğŸŒ±,"Embark on a journey of healing after manipulation-induced trauma, finding renewal and emotional well-being. #CultAwareness #MindRenewal ğŸŒ±ğŸŒŸ",Nurturing Emotional Healing After Manipulation,"Navigate the path of healing after manipulation-induced trauma, nurturing emotional well-being and renewal. #CultDeprogramming #MindRenewal ğŸŒ±ğŸŒŸ"
61,Breaking the Cycle of Guilt and Shame,Embracing Self-Compassion and Empowerment,Liberate your mind from guilt and shame ğŸ—ï¸,"Learn how to break the cycle of guilt and shame, fostering self-compassion and empowerment. #SelfCompassion #CultDeprogramming ğŸ—ï¸",Overcoming Guilt and Shame: Embrace Empowerment ğŸ—ï¸,"Unveil the transformative journey of breaking guilt and shame's cycle, embracing self-compassion and empowerment. #CultAwareness #MindEmpowerment ğŸ—ï¸ğŸŒŸ",Breaking Chains of Guilt and Shame,"Break free from guilt and shame's cycle, embracing self-compassion and empowerment after manipulation. #CultDeprogramming #MindEmpowerment ğŸ—ï¸ğŸŒŸ"
62,Strengthening Digital Literacy,Navigating Misinformation and Manipulation ğŸŒ,Equip yourself with digital literacy against manipulation ğŸ“š,"Learn strategies to navigate misinformation, cultivate digital literacy, and protect your mind from manipulation. #DigitalLiteracy #CultAwareness ğŸŒ",Strengthening Digital Literacy: Guard Your Mind ğŸŒ,Develop your digital literacy to navigate misinformation and protect your mind against manipulation. #CultDeprogramming #MindProtection ğŸŒğŸŒŸ,Navigating the Digital World,"Navigate the digital landscape with literacy, shielding your mind against misinformation and manipulation. #CultDeprogramming #StayInformed ğŸŒğŸŒŸ"
63,Embracing Critical Thought,Building a Fortress of Independent Thinking,Empowering your mind through critical thought ğŸ§ ,Discover the power of critical thinking and build an impenetrable fortress of independent thought against manipulation. #CriticalThinking #MindEmpowerment ğŸ§ ğŸ›¡ï¸,Cultivating Critical Thought: Fortify Your Mind ğŸ§ ğŸ›¡ï¸,"Fortify your mind against manipulation through critical thinking, cultivating a fortress of independent thought. #CultAwareness #MindProtection ğŸ§ ğŸ›¡ï¸ğŸŒŸ",Building a Fortress of Critical Thought,"Cultivate a fortress of independent thinking through critical thought, empowering your mind against manipulation. #CultDeprogramming #MindProtection ğŸ§ ğŸ›¡ï¸ğŸŒŸ"
64,Empowering Personal Boundaries,Shielding Against Manipulation,Cultivating self-awareness and boundary setting ğŸ›¡ï¸,Learn how personal boundaries shield your mind against manipulation and empower you to protect your autonomy. #PersonalBoundaries #CultAwareness ğŸ›¡ï¸,Empowering Boundaries: Safeguard Your Autonomy ğŸ›¡ï¸,Cultivate self-awareness and boundary setting to shield your mind against manipulation and safeguard your autonomy. #CultDeprogramming #MindProtection ğŸ›¡ï¸ğŸŒŸ,Nurturing Personal Boundaries,Cultivate self-awareness and boundaries to protect your autonomy against manipulation's sway. #CultDeprogramming #MindAutonomy ğŸ›¡ï¸ğŸŒŸ
65,Understanding Thought Reform,Navigating Ideological Manipulation,Unveiling the tactics of thought reform ğŸ§ ğŸ”,Learn how thought reform is used in manipulation and strategies to break free from ideological control. #ThoughtReform #CultAwareness ğŸ§ ğŸ”,Thought Reform Unmasked: Break Free ğŸ§ ğŸ”,"Unmask the tactics of thought reform, empowering yourself to break free from ideological manipulation. #CultDeprogramming #MindEmpowerment ğŸ§ ğŸ”ğŸ›¡ï¸",Unveiling the Tactics of Thought Reform,Uncover the strategies of thought reform and liberate your mind from ideological manipulation. #CultDeprogramming #MindFreedom ğŸ§ ğŸ”ğŸ›¡ï¸
66,Building Resilience Against Manipulation,Strengthening Mental Defense,Fortify your mind against manipulation's influence ğŸ§ ğŸ›¡ï¸,"Learn techniques to build mental resilience, protecting your mind from manipulation and fostering empowerment. #MentalResilience #CultAwareness ğŸ§ ğŸ›¡ï¸",Building Mental Resilience: Fortify Your Mind ğŸ§ ğŸ›¡ï¸,"Strengthen your mental defenses against manipulation, empowering your mind to stand resilient. #CultDeprogramming #MindEmpowerment ğŸ§ ğŸ›¡ï¸ğŸŒŸ",Building a Shield Against Manipulation,"Fortify your mind against manipulation's sway, nurturing mental resilience and empowerment. #CultDeprogramming #MindProtection ğŸ§ ğŸ›¡ï¸ğŸŒŸ"
67,Breaking Free from Indoctrination,Embracing a Path of Mental Liberation,Liberating your mind from indoctrination ğŸ—ï¸,"Explore the journey of breaking free from indoctrination, embracing mental liberation and empowerment. #MentalLiberation #CultDeprogramming ğŸ—ï¸",Breaking Indoctrination: Find Mental Freedom ğŸ—ï¸,"Embark on a journey of breaking indoctrination's chains, embracing mental liberation and empowerment. #CultAwareness #MindFreedom ğŸ—ï¸ğŸŒŸ",Liberating Minds from Indoctrination,"Break free from indoctrination's grip, finding mental liberation and empowerment. #CultDeprogramming #MindEmpowerment ğŸ—ï¸ğŸŒŸ"
68,Redefining Your Values,Navigating Post-Manipulation Identity,Rediscovering your authentic values ğŸŒŸ,"Explore the process of redefining values after manipulation, embracing your authentic self and identity. #Authenticity #CultDeprogramming ğŸŒŸ",Redefining Values: Embrace Authenticity ğŸŒŸ,"Discover the transformative journey of redefining values, embracing authenticity after manipulation. #CultAwareness #MindRenewal ğŸŒŸ",Embracing Authentic Values After Manipulation,"Rediscover authentic values after manipulation's impact, embracing your true self and identity. #CultDeprogramming #MindRenewal ğŸŒŸğŸŒ±"
69,Healing Through Connection,Nurturing Supportive Relationships,Rediscovering connection after manipulation ğŸŒ±,Learn how to heal through supportive relationships and foster connections that empower your journey. #HealingConnections #CultDeprogramming ğŸŒ±,Healing Through Connection: Find Empowerment ğŸŒ±,"Unveil the healing power of connections after manipulation, fostering relationships that empower your path. #CultAwareness #MindEmpowerment ğŸŒ±ğŸŒŸ",Nurturing Healing Connections,"Heal through supportive relationships, fostering connections that empower your journey after manipulation. #CultDeprogramming #MindEmpowerment ğŸŒ±ğŸŒŸ"
70,Navigating Fear and Control,Empowering Autonomy in Choices,Overcoming manipulation-induced fear ğŸŒŸ,"Learn strategies to navigate fear and control, reclaiming autonomy in your choices after manipulation. #Autonomy #CultDeprogramming ğŸŒŸ",Navigating Fear: Choose Autonomy ğŸŒŸ,Unmask the tactics of fear and control and embrace autonomy in your choices after manipulation. #CultAwareness #MindEmpowerment ğŸŒŸğŸ›¡ï¸,Empowering Autonomy Amidst Manipulation,"Navigate fear and control, choosing autonomy and empowerment in your journey after manipulation. #CultDeprogramming #MindAutonomy ğŸŒŸğŸ›¡ï¸"
71,Recognizing Red Flags,Building Resilience Against Manipulation,Equipping yourself with the power of discernment ğŸš©,Learn to recognize red flags of manipulation and build the resilience to protect your mind from undue influence. #RedFlags #CultAwareness ğŸš©,Recognizing Manipulation: Guard Your Mind ğŸš©,"Equip yourself with the skill to recognize manipulation's red flags, building a defense against undue influence. #CultDeprogramming #MindProtection ğŸš©ğŸŒŸ",Unveiling Manipulative Red Flags,"Unveil the red flags of manipulation, nurturing discernment and building a defense against undue influence. #CultDeprogramming #MindProtection ğŸš©ğŸŒŸ"
72,Finding Strength Through Recovery,Embracing Transformation After Manipulation,Unveiling the power of recovery and renewal ğŸŒ±,"Explore the transformative journey of recovery after manipulation, embracing personal growth and empowerment. #Recovery #CultDeprogramming ğŸŒ±",Embracing Recovery: Discover Your Power ğŸŒ±,"Discover the strength of recovery and transformation after manipulation, embracing growth and empowerment. #CultAwareness #MindRenewal ğŸŒ±ğŸŒŸ",Embracing the Journey of Recovery,"Discover the transformative journey of recovery after manipulation, embracing growth and empowerment. #CultDeprogramming #MindRenewal ğŸŒ±ğŸŒŸ"
73,Empowering Future Generations,Safeguarding Minds Against Manipulation,Equipping youth with critical thinking skills ğŸ‘¦ğŸ‘§,Learn how to empower the younger generation with critical thinking to protect their minds from manipulation. #YouthEmpowerment #CultAwareness ğŸ‘¦ğŸ‘§,Empowering Youth: Cultivate Critical Minds ğŸ‘¦ğŸ‘§,"Equip youth with critical thinking skills to navigate manipulation, empowering their minds and safeguarding their autonomy. #CultDeprogramming #YouthEmpowerment ğŸ§ ğŸŒŸ",Nurturing Mind Empowerment in the Youth,"Foster critical thinking in youth, nurturing their minds against manipulation and empowering their journey. #CultDeprogramming #StayCurious ğŸ‘¦ğŸ‘§ğŸŒŸ"