Topic,Intro,Conclusion,TikTok Video Title,YouTube Video Title,YouTube Video Description,Instagram Description,Facebook Post Title,Facebook Post Description
Dangers of echo chambers,Echo chambers reinforce bias. Seeking only confirming views leads to extreme positions. Dissent keeps us balanced.,Venture outside comfort zones. Let challenged assumptions strengthen understanding. Echo chambers breed conformity. Diverse perspectives cultivate wisdom.,Escaping the Echo Chamber ðŸ—£,The Perils of Echo Chambers ðŸ—£,"Echo chambers reinforce bias and push people to extremes. Seeking diverse perspectives, even dissenting ones, fosters balanced thinking and wisdom.",The dangers of only surrounding ourselves with views that confirm our own. Stepping outside echo chambers broadens understanding and keeps us intellectually honest.,Avoiding the Pitfalls of Echo Chambers,"Seeking only reinforcing perspectives causes extreme positions. Listening to diverse voices, even dissenting ones, leads to balance, nuance and wisdom."
Importance of skepticism,Doubt allows progress. Asking questions counteracts blind acceptance. Facts demand evidence. Truth withstands scrutiny.,Apply critical thinking to all claims. Let reason guide conclusions. Blind faith enables manipulation. Unexamined beliefs lack substance.,Question Everything! â“,The Virtue of Skepticism â“,Healthy skepticism allows for intellectual progress and guards against blind conformity. All claims should be scrutinized by reason and evidence to arrive at truth.,Why we must approach all claims with reasoned skepticism rather than blind acceptance. Questioning leads to substantive understanding.,The Power of Skepticism,Doubt enables progress by preventing blind conformity. Scrutinizing claims through reason and evidence leads to truth. Unexamined beliefs lack substance.
Tactics of coercive groups,"Coercive groups use deception, information control, isolation, guilt and fear to gain obedience. Members serve the group's interests.",Recognize manipulation for what it is - an attempt to control you. Your needs matter. Don't submit to mistreatment.,Exposing Coercive Tactics âš ï¸,How High Control Groups Manipulate âš ï¸,"Coercive groups use tactics like deception, information control, isolation, guilt and fear to gain member obedience. Recognizing manipulation protects autonomy.","Breaking down the tactics high control groups use to manipulate people - deception, information control, isolation, guilt, and fear. Protect yourself.",Manipulation Playbook,"Deception, restricting information, cutting off outsiders, guilt trips and fear mongering are tools of control. Recognize manipulation and reclaim freedom."
Rediscovering authentic self,"Losing self in groupthink hinders growth. Reconnect to your core values, interests and goals suppressed over time.",Don't let others dictate your path. Your identity is multidimensional. Give voice to your true self again.,Reclaiming My True Self ðŸ™‹,Rediscovering Your Authentic Identity ðŸ™‹,"Conforming to groupthink means losing touch with who we really are. Reconnecting with suppressed values, interests and goals allows our authentic selves to resurface.",Why it's important to rediscover the parts of yourself that get suppressed when conforming to a group's limited worldview for too long.,Resurface Your True Identity,"Groupthink restricts self-expression. Reconnect with your core values, interests and aspirations dormant under conformity."
Warning signs of unhealthy groups,"Unhealthy groups demand obedience, suppress critical thinking, separate you from outside influences, and make impossible promises.","Walk away from any group limiting your autonomy, independence and access to information. Your freedom is non-negotiable.",Is This Group Safe? ðŸš©,12 Warning Signs of an Unsafe Group ðŸš©,"Groups that demand unquestioning obedience, restrict critical thinking, isolate you from outside views, and offer impossible promises should raise red flags.","12 warning signs that a group's demands on your time, thinking, behavior, emotions and relationships may be unhealthy. Proceed with extreme caution.",Red Flags of High Control,"Requirements of unquestioning obedience, restrictions on thinking and behavior, isolation and impossible promises indicate an unsafe group."
Stages of cult indoctrination,"Indoctrination often starts subtly then escalates. Love bombing draws people in, then undue influence reshapes their thinking.",Manipulation is gradual. Recognize the signs of indoctrination early before losing objectivity and autonomy.,Cult Indoctrination Tactics ðŸ§ â¤µï¸,The Step-by-Step Process of Cult Indoctrination ðŸ§ â¤µï¸,"Cult indoctrination starts subtly with love bombing, then progressively escalates through undue influence tactics that reshape a person's thinking without them realizing it.","The step-by-step techniques cults use to gradually indoctrinate new recruits over time, starting with superficial love bombing before progressing to invasive influence.",Phases of Indoctrination,Indoctrination starts subtle with love bombing then turns invasive using undue influence to reshape thinking without members realizing it.
Lifelong learning,Intellectual growth continues throughout life. Fixed mindsets resist change. Adaptive mindsets invite learning.,"Keep challenging yourself. The wider the perspectives considered, the deeper understanding grows. There are always new horizons.",Never Stop Learning! ðŸ§ ,Why Lifelong Learning Matters ðŸ§ ,We can expand our knowledge and evolve our thinking at any age. Fixed mindsets resist change but adaptive ones realize there are always new horizons and invite continual growth.,Why intellectual development should never stop - adaptive mindsets realize there are always new horizons and invite continual learning throughout life.,The Journey of Lifelong Learning,Fixed mindsets resist change but adaptive ones embrace growth. Intellectual expansion continues throughout life so never stop challenging yourself.
Escaping groupthink,Groupthink breeds conformity and irrational decisions. Valuing harmony over critical thinking leads to problems.,Assess all plans objectively. Favoring consensus fuels risky choices. Promote an environment safe for dissent.,Rejecting Groupthink ðŸ‘¥,How to Escape the Perils of Groupthink ðŸ‘¥,Groupthink leads to conformity and irrational choices that favor harmony over objective critical thinking. Foster environments where dissent is welcomed.,"Groupthink stifles dissent and critical thinking in favor of harmony, causing conformity and poor decision-making. Promote open evaluation of ideas and policies.",Escaping Groupthink,Groupthink leads to conformity and irrational decisions by valuing harmony over objective critical evalution. Welcome dissenting voices.
Building self-efficacy,Control your inner narrative. Affirm your strengths and potential. Envision achieving your goals then take action.,Don't internalize self-doubts. Focus on progressing through difficulties. You are the author of your story - write boldly.,I Am Capable âœï¸,Fostering Self-Efficacy âœï¸,Internalizing self-doubts limits potential. Envision achieving your goals then take action. You control your inner narrative - make it empowering.,Fostering an empowering inner narrative focused on your strengths and potential promotes motivation and achievement. Take control of writing your story.,Boost Your Self-Efficacy,Don't listen to inner doubts. Affirm your capabilities. Envision achieving goals then take steps to make it happen. You author your story.
Managing imposter syndrome,Feeling like a fraud is common. Remember successes. Look at mistakes as lessons. Focus on the next right step.,Self-doubt doesn't mean you lack qualifications. It means you aim high. Keep perspective and continue forward.,Overcoming Imposter SyndromeðŸ™‹â€â™€ï¸,How to Manage Imposter SyndromeðŸ™‹â€â™€ï¸,"Feeling like an imposter is common but doesn't mean you're unqualified. Recall successes, gain perspective and focus on progressing. Your potential is real.","Strategies for managing imposter syndrome - remember past successes, view mistakes as lessons, focus on the next step rather than the big picture.",Managing Imposter Syndrome,Feeling like a fraud is common but doesn't mean you lack qualifications. Reframe self-doubt and stay focused on progressing forward.
Thought-stopping techniques,Anxious thoughts often spiral out of control. Interrupt rumination with questions challenging cognitive distortions.,Don't let anxious thoughts run wild. Regain reason perspective by consciously reframing fears.,Stop Anxiety Spirals â™»ï¸,How to Short-Circuit Anxious Thoughts â™»ï¸,Anxiety often stems from distorted thoughts that spiral out of control. Interrupt rumination by consciously questioning and reframing irrational fears.,Techniques to stop escalating anxiety when thoughts spiral through distortions - interrupt rumination and regain perspective by questioning biases.,Thought-Stopping for Anxiety,Anxious thoughts fueled by distortions spiral out of control. Interrupt rumination loops challenging biases to regain perspective.
Managing perfectionism,Perfectionism breeds self-criticism and procrastination. Focus on growth vs flawlessness. Done is better than perfect.,Progress requires risk. Redefine success as learning and effort vs perfect outcomes. Failure contains lessons.,Growth Over Perfection â™»ï¸,Strategies to Overcome Perfectionism â™»ï¸,Perfectionism causes self-criticism and procrastination. Focus on progress and learning rather than flawless outcomes. Done is better than perfect.,Managing perfectionist tendencies by focusing on growth and effort over flawlessness - failure offers valuable lessons if you redefine success as progress.,Moving Beyond Perfectionism,Perfectionism kills motivation. Redefine success as learning and progress vs flawlessness. Failure provides important lessons if you focus on growth.
Cultivating self-compassion,Treat yourself as you would a friend - with understanding and kindness vs harsh criticism.,Everyone makes mistakes. Don't compound errors with self-judgment. Offer yourself compassion.,Be Your Own Best Friend ðŸ¤,The Importance of Self-Compassion ðŸ¤,Cultivate understanding and kindness for yourself like you would a friend. Don't compound mistakes with harsh self-criticism. Self-compassion reduces stress.,Treating ourselves with the same understanding and kindness we offer friends mitigates harsh self-judgment. Self-compassion is key to resilience.,The Power of Self-Compassion,Don't compound mistakes with self-judgment. Treat yourself with the same understanding you offer friends. Self-compassion fosters resilience.
Finding purpose and meaning,Meaning stems from using strengths to help others and grow. Discover your unique abilities and live intentionally.,Don't measure worth by productivity alone. Focus also on character and values. Make self-transcending choices.,Living with Purpose and Meaning ðŸ’«,How to Discover Your Sense of Purpose ðŸ’«,Leading a purposeful life requires self-awareness and contribution to others. Make choices that align with your strengths and values. Progress > perfection.,Tips for finding purpose and meaning in life - get to know your strengths/values and use them to contribute good that aligns with your authentic self.,Discovering Meaning and Purpose,Meaning comes from using your strengths to help others while staying true to your values. Make self-transcending choices focused on growth and contribution.
Managing expectations,Unrealistic standards cause disappointment. Expect challenges. Measure progress over time vs immediate results.,base goals on your values and growth vs othersâ€™ definitions of success. Celebrate small wins on the path.,Healthy Expectations ðŸ“ˆ,Strategies for Managing Expectations ðŸ“ˆ,Unrealistic standards lead to disappointment. Anticipate difficulties. Focus on long-term progress vs short-term perfection. Define success for yourself.,"Tips for avoiding disappointment by keeping expectations realistic - anticipate challenges, focus on values/growth over others' standards, and track progress over time.",The Perils of Perfectionism,"Unrealistic standards cause disappointment. Expect difficulties. Measure long-term progress, not immediate perfection. Define success based on your values."
Seeking inspiration,Ideas fuel motivation. Seek thinkers challenging assumptions. Draw strength from those who overcame obstacles.,Don't become insulated from bold ideas. Let diverse voices broaden your perspective and renew possibility.,Finding Inspiration ðŸ’¡,The Power of Inspirational Ideas ðŸ’¡,Exposure to thinkers challenging conventions and people overcoming adversity fuels motivation and possibility. Don't become insulated from new ideas.,Why we should seek out ideas that challenge preconceived notions and stories of people who overcame struggles. Letting bold thinking expand our worldview inspires.,The Spark of Inspiration,Seek thinkers challenging orthodoxy and people who overcame challenges. Let diverse ideas widen your lens. Finding inspiration fuels motivation.
Fostering a growth mindset,Abilities develop through dedication. Embrace challenges. Let failures teach resilience.,"Don't limit potential based on status quo. With hard work, people continually expand aptitudes.",Challenge Yourself ðŸ“ˆ,How to Cultivate a Growth MindsetðŸ“ˆ,Abilities are not fixed but expand through learning. Embracing challenges and viewing failures as lessons allows endless growth.,"How to foster a growth mindset that embraces challenges, persists through obstacles, and views ""failure"" as vital opportunities to learn.",The Power of a Growth Mindset,No limits on potential. Abilities develop through dedication. Hard work over time expands aptitudes. Embrace challenges and let failures teach resilience.
Cognitive restructuring,Identify problematic thought patterns then consciously reframe perspectives.,Don't be passive about perspectives. Actively shape your mindset to empower and focus you.,Reframing Your Outlook,Challenging distorted thinking patterns and consciously shifting perspectives builds self-efficacy.,"Learn to identify biased thought patterns and intentionally reframe your outlook. Shaping your mindset proactively fosters focus, resilience and possibility thinking.",Reframing Perspectives,Identify and challenge problematic thought patterns. Consciously reframe your mindset to be empowering rather than passive.,
Digital self-care,Set boundaries around technology to prevent burnout. Moderate use through focus and mindfulness.,Don't let devices control you. Set limits protecting focus and rest. Logoff to truly connect with loved ones.,Unplugging for Wellbeing,Taking occasional tech breaks preserves concentration and relationships. Don't let devices dominate your time and attention.,"To avoid digital burnout, consciously moderate your technology use through focus, mindfulness, and quality time offline connecting with loved ones.",The Benefits of Digital Moderation,"Set boundaries around tech to prevent burnout. Moderate use through focus, mindfulness and quality offline connections. Logoff regularly.",