Topic Heading,Subheading,Body,TikTok Title,TikTok Description,YouTube Title,YouTube Description,Facebook Post Title,Facebook Post Body
Cult Deception Online,Unmasking Digital Manipulation,Explore how online cults exploit vulnerabilities. Learn how to spot red flags and protect yourself.,Decoding Digital Cults,Dive into the dark world of online cults and how to safeguard your mind from manipulation.,Unmasking Digital Cults,Discover how online cults operate in the shadows and how to shield yourself from their influence.,The Hidden Threat of Online Cults,Uncover the dangers of online cults and find out how you can defend yourself from their tactics.
Manipulative Persuasion,Techniques Behind Mind Control,Uncover the psychological techniques used by cults for manipulation and brainwashing.,Mind Control Exposed,Examine the sinister methods cults use to control minds and the steps to break free from their grip.,Unveiling Mind Control,Delve into the disturbing tactics employed by cults to manipulate minds and how to break the cycle.,Breaking Free from Manipulation,Learn about the subtle ways cults manipulate minds and discover strategies to reclaim your autonomy.
Social Media Influence,Trapping Minds in the Digital Web,How social media becomes a breeding ground for cult-like behavior and how to break free.,Escaping the Social Media Trap,Journey into the grip of social media cults and uncover how to regain control over your online life.,The Social Media Cult Phenomenon,Understand how social media can lead to cult-like behavior and find out how to liberate yourself from its clutches.,Liberating Yourself from Digital Cults,Examine the insidious influence of social media cults and find empowerment to free yourself from their grasp.
Dissecting Manipulative Content,Unraveling Deceptive Messaging,Learn to decipher manipulative content and recognize the hidden agendas behind persuasive messages.,Decoding Manipulative Messages,Dive deep into the world of manipulative messaging and acquire the tools to decode its hidden intent.,Unmasking Manipulative Content,Uncover the layers of deceit behind manipulative content and gain insights to protect yourself from its influence.,Revealing Hidden Agendas in Online Content,Unveil the hidden agendas in persuasive content and discover how to see through the veil of manipulation.
Vulnerabilities Exploited,Targeting the Emotionally Fragile,Examine how cults exploit emotional vulnerabilities and provide strategies for self-protection.,Protecting the Vulnerable,Explore how cults prey on vulnerabilities and learn practical steps to shield yourself and your loved ones.,Safeguarding the Emotionally Fragile,Uncover the tactics cults use to exploit vulnerabilities and find empowerment to protect yourself and others.,Empowering the Vulnerable,Understand how cults exploit emotional vulnerabilities and empower yourself to stand strong against manipulation.
Radicalization and Extremism,Unveiling the Path to Extremism,Investigate how cult-like tactics drive radicalization and extremism in the digital age.,Exposing Online Radicalization,Peel back the layers of online radicalization and discover the mechanisms that lead individuals down extreme paths.,The Dark Road of Digital Extremism,Uncover how online radicalization mirrors cult dynamics and explore ways to prevent its dangerous influence.,Unmasking Online Radicalization,Expose the dangerous journey of online radicalization and find out how we can steer individuals away from extremism.
Critical Thinking Skills,Equipping Minds against Manipulation,Strengthen your critical thinking abilities to resist cult-like persuasion and misinformation.,Building Cognitive Resilience,Strengthen your mental defenses against cult-like persuasion and misinformation through enhanced critical thinking.,Empowering Critical Thought,Discover how cultivating critical thinking skills can protect you from manipulation and empower you in today's world.,Strengthening Minds against Manipulation,Equip yourself with critical thinking skills to combat manipulation and misinformation in the digital landscape.
Overcoming Cult Conditioning,Breaking Free from Mental Chains,Learn about the process of breaking free from cult indoctrination and reclaiming your autonomy.,Liberation from Cult Mindset,Embark on a journey of liberation as we explore the steps to break free from cult conditioning and reclaim your mind.,Reclaiming Autonomy from Cult Influence,Explore the stages of breaking free from cult conditioning and discover how to regain control over your beliefs and thoughts.,Breaking the Chains of Cult Indoctrination,Understand the psychology of cult conditioning and find inspiration to break free from its mental chains.
Digital Literacy and Resilience,Navigating the Information Maze,Develop digital literacy skills to navigate misinformation and build resilience against manipulation.,Navigating the Digital Information Landscape,Equip yourself with the tools to discern credible information from misinformation and build resilience against manipulation.,Strengthening Digital Literacy and Resilience,Navigate the digital age with confidence through enhanced digital literacy and resilience against manipulation.,Building Resilience in the Digital Era,Enhance your digital literacy and resilience to navigate the intricate web of information and safeguard against manipulation.
Online Communities and Isolation,Breaking Free from Isolation,Examine how cults exploit isolation in online communities and how to foster connections outside of them.,Battling Isolation in Online Environments,Discover the tactics used by cults to foster isolation and how to build meaningful connections beyond their grasp.,Overcoming Isolation in the Digital Age,Dive into the impact of online communities on isolation and learn strategies to break free and reconnect with the world.,Breaking Isolation through Connection,Understand the isolating effects of online communities and find strategies to reclaim connection in the digital realm.
Skepticism and Fact-Checking,Navigating the Sea of Misinformation,Equip yourself with skepticism and fact-checking skills to navigate the overwhelming sea of misinformation.,Embracing Skepticism in a Misinformation Era,Embrace the power of skepticism and learn how to fact-check information to navigate the era of rampant misinformation.,Unmasking Misinformation through Skepticism,Cultivate a healthy skepticism to unveil misinformation and navigate the complex landscape of information with confidence.,Navigating Misinformation with Skepticism,Develop the art of skepticism and fact-checking to navigate the turbulent waters of misinformation in today's digital age.
Cognitive Biases and Influence,Recognizing and Overcoming Biases,Understand cognitive biases that make us susceptible to manipulation and learn techniques to counteract them.,Unmasking Cognitive Biases in Influence,Uncover the cognitive biases that drive manipulation and empower yourself to overcome them in the face of influence.,Countering Cognitive Biases in the Digital Age,Navigate cognitive biases in today's digital landscape and empower yourself to make informed decisions free from manipulation.,Overcoming Biases in the Age of Influence,Examine cognitive biases that leave us vulnerable to influence and explore strategies to overcome them in the digital age.
Building Media Literacy,Decoding Media Manipulation,Develop media literacy skills to decipher and resist manipulative media messages in the digital realm.,Empowering Media Literacy,Equip yourself with the tools to decode media manipulation and build resilience against the influence of biased narratives.,Strengthening Media Literacy in the Digital Era,Strengthen your media literacy to navigate the sea of manipulative media and safeguard yourself from biased narratives.,Unmasking Media Manipulation,Explore the subtle ways media can manipulate perceptions and find empowerment through media literacy in the digital age.
Recovery and Healing,Reclaiming the Self from Cults,"Explore the journey of recovery and healing after leaving a cult, and strategies for rebuilding the self.",Healing after Cult Experience,Journey with survivors as they share stories of healing and resilience after leaving cults and rebuilding their lives.,Rebuilding the Self after Cult Deception,Unveil the path to healing and self-reclamation after escaping cult influence and discover strategies for rebuilding your identity.,Reclaiming the Self after Cult Experience,Hear stories of survivors' journeys to healing and self-discovery after escaping the grip of cults.
Resisting Online Manipulation,Strategies for Digital Empowerment,"Learn actionable strategies to resist online manipulation, misinformation, and regain control of your mind.",Empowering Digital Self-Defense,Discover practical techniques to defend yourself against online manipulation and misinformation in today's digital world.,Defending Against Online Manipulation,"Arm yourself with strategies to resist online manipulation, regain control, and empower yourself against misinformation.",Empowering Your Digital Resilience,Gain the tools to fortify your digital resilience and stand strong against online manipulation and misinformation.
Cults and Identity Formation,Rediscovering the Authentic Self,Explore how cults manipulate identities and learn how to reclaim your authentic self after leaving their influence.,Unmasking Cult Manipulation of Identity,Unravel the web of cult influence on identity and embark on a journey to rediscover your authentic self beyond their grasp.,Identity Reclamation after Cult Influence,Dive into the process of reclaiming your identity from cult manipulation and learn strategies for rediscovering your true self.,Unveiling Cults' Impact on Identity,Understand how cults shape identities and uncover the process of reclaiming your true self after their influence.
Educating Youth about Cults,Empowering the Next Generation,Learn how to educate young people about the dangers of cult manipulation and equip them with critical thinking skills.,Cult Awareness Education for Youth,Empower the next generation with awareness about cult manipulation and the tools to stay resilient against their tactics.,Protecting Youth from Cult Influence,Explore the importance of educating young people about cult manipulation and arming them with critical thinking skills.,Empowering Youth to Resist Cults,Equip the next generation with the knowledge to resist cult manipulation and navigate the digital landscape with confidence.
Recognizing Cult Recruitment,Spotting the Early Signs,Examine the early signs of cult recruitment and strategies to intervene before it's too late.,Early Intervention against Cult Recruitment,Learn to identify the red flags of cult recruitment and how to intervene to protect vulnerable individuals from their grasp.,Preventing Cult Recruitment through Awareness,Dive into the signs of cult recruitment and explore proactive strategies to prevent individuals from falling into their clutches.,Protecting Vulnerable Individuals,Understand the signs of cult recruitment and find out how we can intervene to protect those vulnerable to their tactics.
Debunking Cult Myths,Unveiling the Reality,Debunk common myths about cults and provide accurate information to increase awareness and understanding.,Exposing Cult Myths and Misconceptions,"Expose the myths surrounding cults and discover the truth behind their tactics, empowering yourself with accurate knowledge.",Dispelling Cult Misconceptions,"Dive into the reality of cults and debunk the misconceptions surrounding them, empowering yourself with accurate insights.",Unmasking the Truth about Cults,Shed light on the truth behind cults by dispelling common misconceptions and increasing awareness and understanding.