No.,Topic,Subheading,TikTok Title,TikTok Description,YouTube Video Title,YouTube Video Description,Facebook Post Title,Facebook Post Body,Instagram Post Title,Instagram Post Description
41,Healing from Emotional Exploitation,Reclaiming Emotional Freedom,Navigating emotional recovery after manipulation ğŸŒŠ,Learn how to recover emotionally after enduring manipulation and regain control of your feelings. #EmotionalHealing ğŸŒŠ,Reclaiming Emotional Freedom,Explore the journey of emotional recovery after manipulation and regaining emotional freedom. #CultDeprogramming ğŸŒŠ,Reclaiming Emotional Freedom,Reclaim emotional freedom after manipulation and regain control of your feelings. ğŸŒŠ #CultAwareness ğŸŒŠ,Navigating emotional recovery after manipulation ğŸŒŠ #EmotionalHealing,
42,Breaking Free from Gaslighting,Reclaiming Your Truth,Shedding light on manipulative gaslighting tactics ğŸ•¯ï¸,Learn to recognize gaslighting tactics and regain confidence in your own reality. #GaslightingAwareness ğŸ•¯ï¸,Reclaiming Your Truth,Explore the impact of gaslighting and strategies to reclaim your truth and confidence. #CultDeprogramming ğŸ•¯ï¸,Reclaiming Your Truth,Reclaim your truth and confidence by recognizing and breaking free from gaslighting tactics. ğŸ•¯ï¸ #CultAwareness ğŸ•¯ï¸,Recognizing gaslighting tactics and reclaiming your truth ğŸ•¯ï¸ #GaslightingAwareness,
43,The Power of Resilience in Recovery,Cultivating Resilience for Healing,Embracing resilience as a path to recovery ğŸŒ¿,Discover how resilience plays a crucial role in recovering from manipulation and trauma. #ResilienceJourney ğŸŒ¿,Cultivating Resilience for Healing,Explore the power of resilience in cult recovery and the journey to healing. #CultDeprogramming ğŸŒ¿,Cultivating Resilience for Healing,"Embrace resilience as a healing tool after manipulation, fostering strength and renewal. ğŸŒ¿ #CultAwareness ğŸŒ¿ğŸŒŸ",Embracing resilience for healing and renewal ğŸŒ¿ #ResilienceJourney,
44,The Influence of Music in Cults,Unmasking Manipulative Use of Music,Exploring the role of music in cult manipulation ğŸµ,Learn how music is used as a tool in cults and how to protect yourself from its influence. #MusicManipulation ğŸµ,Unmasking Manipulative Use of Music,Explore the manipulative use of music in cults and strategies to resist its influence. #CultDeprogramming ğŸµ,Unmasking Manipulative Use of Music,Unveil the influence of music in cults and empower yourself against its manipulative use. ğŸµ #CultAwareness ğŸµğŸ›¡ï¸,Exploring the manipulative use of music in cults ğŸµ #MusicManipulation,
45,Strengthening Resilience in Youth,Building Resilience in the Young Generation,Equipping youth with mental fortitude ğŸŒ±,"Learn strategies to cultivate resilience in young minds, helping them withstand manipulation. #YouthResilience ğŸŒ±",Building Resilience in the Young Generation,"Explore building mental resilience in the younger generation, shielding them from manipulation. #CultAwareness ğŸŒ±ğŸ›¡ï¸",Building Resilience in the Young Generation,Equip the youth with resilience to navigate manipulation's challenges and emerge stronger. ğŸŒ±ğŸ›¡ï¸ #CultDeprogramming ğŸŒ±ğŸ›¡ï¸,Building mental resilience in the younger generation ğŸŒ± #YouthResilience,
46,Bonds Between Survivors,Building Supportive Survivor Networks,Forging connections among survivors ğŸ¤,Discover how shared experiences in captivity can forge deep connections that aid in recovery. #SupportiveNetworks ğŸ¤,Building Supportive Survivor Networks,Explore the bonds formed among survivors and how they support each other in recovery. #CultDeprogramming ğŸ¤,Building Supportive Survivor Networks,Join our community in building connections among survivors to provide support and healing. ğŸ¤ #CultAwareness ğŸ¤,Forging connections among survivors ğŸ¤ #SupportiveNetworks,
47,Therapeutic Challenges,Breaking Through Barriers to Therapy,Overcoming resistance to therapy ğŸ§ ,Learn about the challenges in therapy for survivors and how therapists break through barriers. #TherapeuticChallenges ğŸ§ ,Breaking Through Barriers to Therapy,Explore the therapeutic challenges faced by survivors and the breakthroughs in their healing. #CultDeprogramming ğŸ§ ,Breaking Through Barriers to Therapy,Overcoming resistance to therapy is a vital step in recovery. Learn how it's done. ğŸ§  #CultAwareness ğŸ§ ,Overcoming resistance to therapy ğŸ§  #TherapeuticChallenges,
48,Rediscovering Authenticity,Unveiling Your True Self,Unraveling layers of manipulation to find authenticity ğŸŒŸ,Discover the process of rediscovering your authentic self buried beneath manipulation. #AuthenticityJourney ğŸŒŸ,Unveiling Your True Self,Explore the journey of unveiling your true self hidden beneath manipulation's lies. #CultDeprogramming ğŸŒŸ,Unveiling Your True Self,Join us in the journey of rediscovering your true self hidden beneath manipulation's lies. ğŸŒŸ #CultAwareness ğŸŒŸ,Unraveling layers of manipulation to find authenticity ğŸŒŸ #AuthenticityJourney,
49,Lessons from the Past,Promoting Mental Resilience and Awareness,Learning from past experiences to empower the future ğŸ§ ,Understand how past experiences can lead to increased awareness and the need for mental resilience. #ResilienceJourney ğŸ§ ,Promoting Mental Resilience and Awareness,Explore the importance of learning from past experiences to promote mental resilience and awareness. #CultDeprogramming ğŸ§ ,Promoting Mental Resilience and Awareness,Let's learn from the past to promote mental resilience and awareness for a brighter future. ğŸ§  #CultAwareness ğŸ§ ,Learning from past experiences to empower the future ğŸ§  #ResilienceJourney,
50,Strength in Unity,Supporting Survivors in Their Healing Journey,Standing together to heal and grow ğŸ¤—,Embrace the strength of unity and support among survivors on their journey to healing. #SupportSurvivors ğŸ¤—,Supporting Survivors in Their Healing Journey,Discover the role of support and unity in the healing journey of survivors. #CultDeprogramming ğŸ¤—,Supporting Survivors in Their Healing Journey,Stand by survivors as they heal and grow together on their journey. ğŸ¤— #CultAwareness ğŸ¤—,Standing together to heal and grow ğŸ¤— #SupportSurvivors,